﻿Designator,Footprint,Quantity,Value,LCSC Part #
"C1, C10, C12, C13, C15, C23, C7, C8, C9",0603,9,100nF,C1591
"C11, C2",0603,2,1uF,C15849
"C16, C4",0805,2,10uF,
C17,0603,1,0.8pF,
C18,0603,1,0.5pF,
"C21, C22, C5, C6",0603,4,15pF,C107037
C3,0603,1,100pF,
D1,0603,1,LED,C965807
F1,0805,1,100mA,C207019
J2,MYOUNG MY-AAA-07,1,Conn_01x01_Pin,
J3,MYOUNG MY-AAA-22-J,1,Conn_01x01_Pin,
L1,0603,1,4.7nH,
L2,1008,1,4.7uH,C280597
Q1,SOT-23,1,DMG2301L,C102619
"R1, R4",0603,2,0R,
"R2, R3",0603,2,10K,
R5,0603,1,2k2,C114662
R6,0603,1,400R,
SW14,SW_SPST_B3U-1000P-B,1,SW_Push,C231329
"TP1, TP2, TP3, TP4, TP5",TestPoint_Pad_D1.5mm,5,TestPoint,
U1,Texas_PWSON-N6,1,HDC2080,
U3,SOT-23,1,SM351LT,C80830
U4,WSON-6_1.5x1.5mm_P0.5mm,1,TPS610981,C470966
U5,Nordic_AQFN-73-1EP_7x7mm_P0.5mm,1,nRF52840,
Y1,Crystal_SMD_Abracon_ABM8G-4Pin_3.2x2.5mm,1,ABM8-272-T3,C20625731
Y2,Crystal_SMD_MicroCrystal_CC7V-T1A-2Pin_3.2x1.5mm,1,32.768kHz,
